Word / Character,Pronunciation,Country / Region — Language
wine,/waɪn/,United States/United Kingdom — English
wyn,win,South Africa/Namibia — Afrikaans
𐕔𐔼,fi,Caucasus — Aghwan
karānum,ka-RAH-num,Ancient Mesopotamia — Akkadian
verë,VEH-reh,Albania/Kosovo — Albanian
ወይን ጠጅ,wäyn ṭäǧ,Ethiopia — Amharic
نَبِيذ / خَمْر,nabīdh / khamr,Arab world — Arabic
vin,vin,Spain — Aragonese
ܚܡܪܐ,ḥamrā,Mesopotamia — Aramaic/Syriac
գինի,gini,Armenia — Armenian
yin,yin,Balkans — Aromanian
সুৰা,xura,India — Assamese
vinu,VEE-noo,Spain — Asturian
чагъир,CHA-ghir,Dagestan — Avar
şərab / çaxır,sheh-RAB / cha-KHUR,Azerbaijan — Azerbaijani
𐍅𐌴𐌹𐌽,wein,Germanic Europe — Gothic
шарап,sha-RAP,Russia — Bashkir
ardo,AR-doh,Basque Country — Basque
վե,ve,Georgia/Dagestan — Bats
віно́,vee-NOH,Belarus — Belarusian
মদ / শরাব,mod / shô-rab,Bangladesh/India — Bengali
gwin,gwin,France — Breton
ви́но,VEE-noh,Bulgaria — Bulgarian
ဝိုင်,wuing,Myanmar — Burmese
архи,AR-khee,Russia — Buryat
вино,VY-no,Carpathians — Carpathian Rusyn
vi,vee,Catalonia — Catalan
чагӏар,CHA-ghar,Chechnya — Chechen
葡萄酒,pou⁴ tou⁴ zau²,China — Cantonese
путоҗю,pu-to-jyu,China — Dungan
葡萄酒,phù-thò-chiú,China — Hakka
葡萄酒,phû-tô-chiú,Taiwan/China — Hokkien
葡萄酒,pútáojiǔ,China — Mandarin
葡萄酒,bu-dau-cieu,China — Wu
эрех,EH-rekh,Russia — Chuvash
vinyo,VIN-yo,Comoros — Maore Comorian
ⲏⲣⲡ,ērp,Egypt — Coptic
gwin,gwin,"Cornwall, UK — Cornish"
vinu,VEE-noo,Corsica — Corsican
şarap,sha-RAP,Crimea — Crimean Tatar
víno,VEE-no,Czech Republic — Czech
ven / vain,ven / vain,Dalmatia — Dalmatian
vin,vin,Denmark — Danish
wijn,wайн,Netherlands/Belgium — Dutch
jrp,jerp,Ancient Egypt — Egyptian
win,win,Sweden — Elfdalian
vino,VEE-no,International — Esperanto
vein,vayn,Estonia — Estonian
араки,a-RA-kee,Siberia/Russia — Evenki
wein,vayn,Ghana/Togo — Ewe
vinu,VEE-noo,Ancient Italy — Faliscan
vín,veen,Faroe Islands — Faroese
viini,VEE-nee,Finland — Finnish
vin,van,France — French
wyn,win,Wales/Friesland — Frisian
vin,vin,Italy — Friulian
viño,VEE-nyo,Spain — Galician
ღვინო,GHVEE-no,Georgia — Georgian
Wein,vайн,Germany/Austria — German
κρασί,kra-SEE,Greece — Greek
οἶνος,OI-nos,Ancient Greece — Ancient Greek
𐀺𐀜,wo-no,Mycenaean Greece — Mycenaean Greek
viinni,VEE-nee-nee,Greenland — Greenlandic
વાઇન,VAI-na,India — Gujarati
waina,WHY-na,Hawaii — Hawaiian
יין / יַיִן,YA-yin,Israel — Hebrew
शराब,sha-RAAB,India — Hindi
bor,bor,Hungary — Hungarian
vín,veen,Iceland — Icelandic
vino,VEE-no,Europe — Ido
anggur,ANG-goor,Indonesia — Indonesian
vino,VEE-no,International — Interlingua
fíon,FEE-un,Ireland — Irish
veîn,vayn,Croatia — Istriot
vir,veer,Istria — Istro-Romanian
vino,VEE-no,Italy — Italian
ワイン,wain,Japan — Japanese
葡萄酒,budōshu,Japan — Japanese (formal/native compound)
ccṛab,tsr-AB,Algeria — Kabyle
vĩjũ,vee-JOON,Brazil — Kaingang
чягъир,chuh-GHEER,Dagestan — Kaitag
ವೈನ್,vain,India — Kannada
шараб,sha-RAB,Crimea/Caucasus — Karaim
wino,VEE-no,Poland — Kashubian
шарап,sha-RAP,Kazakhstan — Kazakh
ស្រា,sraa,Cambodia — Khmer
вина,VEE-na,Russia — Komi
포도주,po-do-ju,South Korea — Korean
بادە / مەی,BA-deh / may,Iraq/Iran — Central Kurdish
şerab / wîn,sheh-RAB / ween,Turkey/Iraq/Syria — Northern Kurdish
шарап,sha-RAP,Kyrgyzstan — Kyrgyz
vino,VEE-no,Israel/Levant — Ladino
ແວງ,wèng,Laos — Lao
vīnum,WEE-noom,Ancient Rome — Latin
vīns,veens,Latvia — Latvian
ღვინი,GHVEE-nee,Georgia — Laz
чехир,che-KHEER,Dagestan — Lezgi
vin,vin,Italy — Ligurian
wien,ween,Belgium/Netherlands — Limburgish
masanga,ma-SAHN-ga,Central Africa — Lingala
vynas,VEE-nas,Lithuania — Lithuanian
vin,vin,Italy — Lombard
Wien,ween,Northern Germany — Low German
Wäin,vayn,Luxembourg — Luxembourgish
вино,vee-NOH,North Macedonia — Macedonian
divay,dee-VAI,Madagascar — Malagasy
wain,wain,Malaysia — Malay
വീഞ്ഞ്,VEE-nyu,India — Malayalam
inbid,IN-bid,Malta — Maltese
feeyn,fayn,Isle of Man — Manx
wāina,WHY-na,New Zealand — Māori
pulku,POOL-koo,Chile/Argentina — Mapudungun
ग्रेप वाईन,grep vāīn,India — Marathi
divin,dee-VEEN,Mauritius — Mauritian Creole
vin,vin,Balkans — Megleno-Romanian
wain,wain,Malaysia/Indonesia — Central Melanau
aahsanteepakwaapowi,ah-san-tee-pah-kwah-poh-wee,"Great Lakes, North America — Miami"
дарс,dars,Mongolia — Mongolian
ᠳᠠᠷᠠᠰᠤ,darasu,Mongolia — Mongolian traditional script
vino,VEE-no,Mexico — Classical Nahuatl
араки,a-RA-kee,Russia — Nanai
wáán / wáin,WAAN / wine,Arizona/New Mexico — Navajo
vvino,VEE-no,Italy — Neapolitan
vîn,veen,"Normandy, France — Norman"
vin,vin,Norway — Norwegian
vin,vin,France — Occitan
ମଦ,ma-da,India — Odia
mazhoominaaboo,ma-zhoo-MEE-na-boo,Canada/United States — Ojibwe
ⰲⰻⱀⱁ,vee-no,Eastern Europe — Old Church Slavonic
вино,vee-NOH,Eastern Europe — Old East Slavic
wīn,ween,England — Old English
vinho,VEEN-yo,Iberia — Old Galician-Portuguese
vín,veen,Scandinavia — Old Norse
wīns,weens,Baltic region — Old Prussian
kaûĩ,ka-oo-EE,Brazil — Old Tupi
waynii,why-NEE,Ethiopia — Oromo
сӕн,sæn,Caucasus — Ossetian
می / شراب,may / sha-RAAB,Pakistan/Afghanistan — Pashto
شَراب / مِی,sha-RAB / may,Iran — Persian
𐤉𐤍,yn,Phoenician Levant — Phoenician
vin,vin,Italy — Piedmontese
Wien,ween,Germany/Poland — Plautdietsch
wino,VEE-no,Poland — Polish
vinho,VEEN-yo,Portugal/Brazil — Portuguese
ਸ਼ਰਾਬ,sha-RAAB,India/Pakistan — Punjabi
vin,van,Réunion — Réunion Creole
mol,mol,Europe/Asia — Romani
vin,vin,Romania/Moldova — Romanian
vegn / vin,ven / vin,Switzerland — Romansh
вино́,vee-NOH,Russia — Russian
viidni,VEE-dnee,Northern Scandinavia — Northern Sami
सुरा / मदिरा,su-RAA / ma-dee-RAA,Ancient India — Sanskrit
binu,BEE-noo,Sardinia — Sardinian
fìon,FEE-un,Scotland — Scottish Gaelic
вино / víno,VEE-no,Balkans — Serbo-Croatian
vinu,VEE-noo,Sicily — Sicilian
wino,VEE-no,Poland — Silesian
වයින්,why-in,Sri Lanka — Sinhalese
víno,VEE-no,Slovakia — Slovak
vino,VEE-no,Slovenia — Slovene
khamri,KHAM-ree,Somalia — Somali
vene,VEH-neh,Southern Africa — Sotho
vino,VEE-no,Spain — Spanish
𒃾,geštin,Ancient Mesopotamia — Sumerian
divai,dee-VAI,East Africa — Swahili
vin,veen,Sweden — Swedish
шәраб,sha-RAB,Russia — Tatar
வைன்,vaiṉ,India/Sri Lanka — Tamil
drākṣa sārāyi,DRAAK-sha sa-RAA-yee,India — Telugu
tua-uvas,TOO-a OO-vas,Timor-Leste — Tetum
ไวน์,waai,Thailand — Thai
རྒུན་ཆང,rgun chang,Tibet — Tibetan
ነቢት / ወይኒ,näbit / wäyni,Ethiopia/Eritrea — Tigrinya
şarap,sha-RAP,Turkey — Turkish
арага,a-RA-ga,Tuva — Tuvan
фи,fee,Caucasus — Udi
вина,VEE-na,Russia — Udmurt
𐎊𐎐,yn,Ancient Levant — Ugaritic
вино́,vee-NOH,Ukraine — Ukrainian
𐌅𐌉𐌍𐌖,VEE-noo,Ancient Italy — Umbrian
ḫaluli,kha-LOO-lee,Ancient Armenia/Anatolia — Urartian
شَراب,sha-RAAB,Pakistan/India — Urdu
udi,OO-dee,Nigeria — Urhobo
ئۈزۈم ھارىقى,üzüm hariqi,"Xinjiang, China — Uyghur"
sharob,sha-ROB,Uzbekistan — Uzbek
vin,vin,Italy — Venetian
rượu vang,rɯəu vang,Vietnam — Vietnamese
vin,vin,International — Volapük
vein,vayn,Estonia — Võro
vén,vayn,Belgium — Walloon
gwin,gwin,Wales — Welsh
вино,vee-NOH,Sakha/Yakutia — Yakut
ווײַן,vayn,Jewish communities — Yiddish
wáìnì,why-EE-nee,Nigeria — Yoruba
taliʼ,ta-LEE,"Yucatán, Mexico — Yucatec Maya"
laeuj,lae-oozh,China — Zhuang
iwayini,ee-wa-YEE-nee,Southern Africa — Zulu
HIq,[xɪqʰ],Klingon (constructed) — Klingon
verë,VEH-reh,Albania — Albanian
català: vi,vee,Andorra — Catalan
Wein,vayn,Austria — German
вино,vee-NOH,Belarus — Belarusian
wijn,wine,Belgium — Dutch
vin,van,Belgium — French
Wein,vayn,Belgium — German
вино,VEE-no,Bosnia and Herzegovina — Bosnian
вино,VEE-no,Bosnia and Herzegovina — Serbian
vino,VEE-no,Bosnia and Herzegovina — Croatian
вино,vee-NOH,Bulgaria — Bulgarian
vino,VEE-no,Croatia — Croatian
κρασί,kra-SEE,Cyprus — Greek
şarap,sha-RAP,Cyprus — Turkish
víno,VEE-no,Czechia — Czech
Wein,vayn,Germany — German
lat. vīnum,WEE-noom,Italy/Vatican City — Latin
Wein,vayn,Liechtenstein — German
vin,van,Luxembourg — French
Wein,vayn,Luxembourg — German
vin,vin,Monaco — French
vin,veen,Moldova — Romanian
вино,vee-NOH,Montenegro — Montenegrin
wijn,wine,Netherlands — Dutch
vin,vin,Norway — Norwegian Bokmål
vin,vin,Norway — Norwegian Nynorsk
vinho,VEEN-yo,Portugal — Portuguese
vin,vin,Romania — Romanian
вино,vee-NOH,Russia — Russian
vino,VEE-no,San Marino — Italian
вино,VEE-no,Serbia — Serbian
vin,vin,Sweden — Swedish
Wein,vayn,Switzerland — German
vin,van,Switzerland — French
vino,VEE-no,Switzerland — Italian
vegn,vayn,Switzerland — Romansh
бі́ле вино́,BEE-leh vee-NOH,Ukraine — Ukrainian
wine,wain,United Kingdom — English
gwin,gwin,United Kingdom — Welsh
fìon,FEE-un,United Kingdom — Scottish Gaelic
fíon,FEE-un,United Kingdom — Irish
vino,VEE-no,Vatican City — Italian
vīnum,WEE-noom,Vatican City — Latin
шарап,sha-RAP,Russia — Bashkir (Bashkortostan)
вино,VEE-no,Russia — Buryat (Buryatia)
ҫыра,suh-RA,Russia — Chuvash (Chuvashia)
аракъ,a-RAQ,Russia — Chechen (Chechnya)
аракъ,a-RAQ,Russia — Avar (Dagestan)
чагъир,cha-GHEER,Russia — Lezgin (Dagestan)
вино,VEE-no,Russia — Kalmyk (Kalmykia)
шарап,sha-RAP,Russia — Kabardian (Kabardino-Balkaria)
вино,VEE-no,Russia — Karachay-Balkar (Karachay-Cherkessia)
вино,VEE-no,Russia — Komi (Komi Republic)
вино,VEE-no,Russia — Mari (Mari El)
вино,VEE-no,Russia — Moksha (Mordovia)
вино,VEE-no,Russia — Erzya (Mordovia)
сæн,sæn,Russia — Ossetian (North Ossetia–Alania)
вино,VEE-no,Russia — Sakha/Yakut (Sakha Republic)
арага,a-RA-ga,Russia — Tuvan (Tuva)
вино,VEE-no,Russia — Udmurt (Udmurtia)
вино,VEE-no,Russia — Ingush (Ingushetia)
вино,VEE-no,Russia — Adyghe (Adygea)
